ABC,XYZ,,,
AARTIIND,APLAPOLLO,,,
ABCAPITAL,ASHOK LEYLAND LTD,,,
ACC,AU SMALL FINANCE BANK LTD,,,
ALKEM,AUROBINDO PHARMA LTD,,,
APLAPOLLO,BHARAT FORGE LTD,,,
ASHOK LEYLAND LTD,BHEL,,,
 ASTRAL LIMITED,CG POWER AND IND SOL LTD,,,
AUBANK,COFORGE LIMITED,,,
AUROBINDO PHARMA LTD,COLGATE PALMOLIVE LTD.,,,
BALKRISHNA IND. LTD,CUMMINS INDIA LTD,,,
BANDHAN BANK LIMITED,DIXON TECHNO (INDIA) LTD,,,
Bank of India,FEDERAL BANK LTD,,,
BHARAT FORGE LTD,GODREJ PROPERTIES LTD,,,
BHEL,HINDUSTAN PETROLEUM CORP,,,
Biocoin Limited,IDFC FIRST BANK LIMITED,,,
COFORGE LIMITED,LUPIN LIMITED,,,
COLGATE PALMOLIVE LTD.,MAX HEALTHCARE INS LTD,,,
CONTAINER CORP OF IND LTD,MPHASIS LIMITED,,,
DALMIA BHARAT LIMITED,PB FINTECH LIMITED,,,
CUMMINS INDIA LTD,PERSISTENT SYSTEMS LTD,,,
DIXON TECHNO (INDIA) LTD,PI INDUSTRIES LTD,,,
EXIDEIND,SUPREME INDUSTRIES LTD,,,
CG POWER AND IND SOL LTD,THE INDIAN HOTELS CO. LTD,,,
Delhivery,THE PHOENIX MILLS LTD,,,
FEDERALBNK,TORRENT PHARMACEUTICALS L,,,
FSN E COMMERCE VENTURES,UPL LIMITED,,,
Glenmark,VOLTAS LTD,,,
GMR AIRPORT LIMITED,YES BANK LIMITED,,,
GODREJ PROPERTIES,,,,
HINDPETRO,,,,
IDFC FIRST BANK,,,,
Indian Bank,,,,
INDRAPRASTHA GAS LTD,,,,
IRCTC,,,,
JSL,,,,
JUBLFOOD,,,,
KALYANKJIL,,,,
KPIT TECHNOLOGIES LIMITED,,,,
LAURUS LABS LIMITED,,,,
LIC HOUSING FINANCE LTD,,,,
Lupin,,,,
MAX FINANCIAL SERV LTD,,,,
MAX HEALTHCARE INS LTD,,,,
MAZAGON DOCK SHIPBUIL LTD,,,,
Mphasis,,,,
MUTHOOT FINANCE LIMITED,,,,
NHPC,,,,
NMDC,,,,
OBEROI REALTY LIMITED,,,,
OIL INDIA LTD,,,,
ONE 97 COMMUNICATIONS LTD,,,,
ORACLE FIN SERV SOFT LTD.,,,,
PATANJALI FOODS LIMITED,,,,
PB FINTECH LIMITED,,,,
Persistent,,,,
PETRONET LNG LIMITED,,,,
PI INDUSTRIES LTD,,,,
PRESTIGE ESTATE LTD,,,,
RAIL VIKAS NIGAM LIMITED,,,,
SAIL,,,,
SJVN,,,,
SOLAR INDUSTRIES (I) LTD,,,,
SONA BLW PRECISION FRGS L,,,,
SUPREME INDUSTRIES LTD,,,,
TATA COMMUNICATIONS LTD,,,,
TATA TECHNOLOGIES LIMITED,,,,
THE PHOENIX MILLS LTD,,,,
TORRENT PHARMACEUTICALS L,,,,
TORRENT POWER LTD,,,,
TUBE INVEST OF INDIA LTD,,,,
UNO MINDA LIMITED,,,,
UPL,,,,
Voltas,,,,
YES BANK LIMITED,,,,